Experiment id,Fate map id,Sample size,Sampling scheme
1,1,100,fixed
2,2,100,fixed
3,3,100,fixed
4,4,100,fixed
5,5,100,fixed
6,6,100,fixed
7,7,100,fixed
8,8,100,fixed
9,9,100,fixed
10,10,100,fixed
11,11,100,fixed
12,12,100,fixed
13,13,100,fixed
14,14,100,fixed
15,15,100,fixed
16,16,100,fixed
17,17,100,fixed
18,18,100,fixed
19,19,100,fixed
20,20,100,fixed
21,21,100,fixed
22,22,100,fixed
23,23,100,fixed
24,24,100,fixed
25,25,100,fixed
26,26,100,fixed
27,27,100,fixed
28,28,100,fixed
29,29,100,fixed
30,30,100,fixed
31,31,100,fixed
32,32,100,fixed
33,33,100,fixed
34,34,100,fixed
35,35,100,fixed
36,36,100,fixed
37,37,100,fixed
38,38,100,fixed
39,39,100,fixed
40,40,100,fixed
41,41,100,fixed
42,42,100,fixed
43,43,100,fixed
44,44,100,fixed
45,45,100,fixed
46,46,100,fixed
47,47,100,fixed
48,48,100,fixed
49,49,100,fixed
50,50,100,fixed
51,51,100,fixed
52,52,100,fixed
53,53,100,fixed
54,54,100,fixed
55,55,100,fixed
56,56,100,fixed
57,57,100,fixed
58,58,100,fixed
59,59,100,fixed
60,60,100,fixed
61,61,100,fixed
62,62,100,fixed
63,63,100,fixed
64,64,100,fixed
65,65,100,fixed
66,66,100,fixed
67,67,100,fixed
68,68,100,fixed
69,69,100,fixed
70,70,100,fixed
71,71,100,fixed
72,72,100,fixed
73,73,100,fixed
74,74,100,fixed
75,75,100,fixed
76,76,100,fixed
77,77,100,fixed
78,78,100,fixed
79,79,100,fixed
80,80,100,fixed
81,81,100,fixed
82,82,100,fixed
83,83,100,fixed
84,84,100,fixed
85,85,100,fixed
86,86,100,fixed
87,87,100,fixed
88,88,100,fixed
89,89,100,fixed
90,90,100,fixed
91,91,100,fixed
92,92,100,fixed
93,93,100,fixed
94,94,100,fixed
95,95,100,fixed
96,96,100,fixed
97,97,100,fixed
98,98,100,fixed
99,99,100,fixed
100,100,100,fixed
101,101,100,fixed
102,102,100,fixed
103,103,100,fixed
104,104,100,fixed
105,105,100,fixed
106,106,100,fixed
107,107,100,fixed
108,108,100,fixed
109,109,100,fixed
110,110,100,fixed
111,111,100,fixed
112,112,100,fixed
113,113,100,fixed
114,114,100,fixed
115,115,100,fixed
116,116,100,fixed
117,117,100,fixed
118,118,100,fixed
119,119,100,fixed
120,120,100,fixed
121,121,100,fixed
122,122,100,fixed
123,123,100,fixed
124,124,100,fixed
125,125,100,fixed
126,126,100,fixed
127,127,100,fixed
128,128,100,fixed
129,129,100,fixed
130,130,100,fixed
131,131,100,fixed
132,132,100,fixed
133,133,100,fixed
134,134,100,fixed
135,135,100,fixed
136,136,100,fixed
137,137,100,fixed
138,138,100,fixed
139,139,100,fixed
140,140,100,fixed
141,141,100,fixed
142,142,100,fixed
143,143,100,fixed
144,144,100,fixed
145,145,100,fixed
146,146,100,fixed
147,147,100,fixed
148,148,100,fixed
149,149,100,fixed
150,150,100,fixed
151,151,100,fixed
152,152,100,fixed
153,153,100,fixed
154,154,100,fixed
155,155,100,fixed
156,156,100,fixed
157,157,100,fixed
158,158,100,fixed
159,159,100,fixed
160,160,100,fixed
161,161,100,fixed
162,162,100,fixed
163,163,100,fixed
164,164,100,fixed
165,165,100,fixed
166,166,100,fixed
167,167,100,fixed
168,168,100,fixed
169,169,100,fixed
170,170,100,fixed
171,171,100,fixed
172,172,100,fixed
173,173,100,fixed
174,174,100,fixed
175,175,100,fixed
176,176,100,fixed
177,177,100,fixed
178,178,100,fixed
179,179,100,fixed
180,180,100,fixed
181,181,100,fixed
182,182,100,fixed
183,183,100,fixed
184,184,100,fixed
185,185,100,fixed
186,186,100,fixed
187,187,100,fixed
188,188,100,fixed
189,189,100,fixed
190,190,100,fixed
191,191,100,fixed
192,192,100,fixed
193,193,100,fixed
194,194,100,fixed
195,195,100,fixed
196,196,100,fixed
197,197,100,fixed
198,198,100,fixed
199,199,100,fixed
200,200,100,fixed
201,201,100,fixed
202,202,100,fixed
203,203,100,fixed
204,204,100,fixed
205,205,100,fixed
206,206,100,fixed
207,207,100,fixed
208,208,100,fixed
209,209,100,fixed
210,210,100,fixed
211,211,100,fixed
212,212,100,fixed
213,213,100,fixed
214,214,100,fixed
215,215,100,fixed
216,216,100,fixed
217,217,100,fixed
218,218,100,fixed
219,219,100,fixed
220,220,100,fixed
221,221,100,fixed
222,222,100,fixed
223,223,100,fixed
224,224,100,fixed
225,225,100,fixed
226,226,100,fixed
227,227,100,fixed
228,228,100,fixed
229,229,100,fixed
230,230,100,fixed
231,231,100,fixed
232,232,100,fixed
233,233,100,fixed
234,234,100,fixed
235,235,100,fixed
236,236,100,fixed
237,237,100,fixed
238,238,100,fixed
239,239,100,fixed
240,240,100,fixed
241,241,100,fixed
242,242,100,fixed
243,243,100,fixed
244,244,100,fixed
245,245,100,fixed
246,246,100,fixed
247,247,100,fixed
248,248,100,fixed
249,249,100,fixed
250,250,100,fixed
251,251,100,fixed
252,252,100,fixed
253,253,100,fixed
254,254,100,fixed
255,255,100,fixed
256,256,100,fixed
257,257,100,fixed
258,258,100,fixed
259,259,100,fixed
260,260,100,fixed
261,261,100,fixed
262,262,100,fixed
263,263,100,fixed
264,264,100,fixed
265,265,100,fixed
266,266,100,fixed
267,267,100,fixed
268,268,100,fixed
269,269,100,fixed
270,270,100,fixed
271,271,100,fixed
272,272,100,fixed
273,273,100,fixed
274,274,100,fixed
275,275,100,fixed
276,276,100,fixed
277,277,100,fixed
278,278,100,fixed
279,279,100,fixed
280,280,100,fixed
281,281,100,fixed
282,282,100,fixed
283,283,100,fixed
284,284,100,fixed
285,285,100,fixed
286,286,100,fixed
287,287,100,fixed
288,288,100,fixed
289,289,100,fixed
290,290,100,fixed
291,291,100,fixed
292,292,100,fixed
293,293,100,fixed
294,294,100,fixed
295,295,100,fixed
296,296,100,fixed
297,297,100,fixed
298,298,100,fixed
299,299,100,fixed
300,300,100,fixed
301,301,100,fixed
302,302,100,fixed
303,303,100,fixed
304,304,100,fixed
305,305,100,fixed
306,306,100,fixed
307,307,100,fixed
308,308,100,fixed
309,309,100,fixed
310,310,100,fixed
311,311,100,fixed
312,312,100,fixed
313,313,100,fixed
314,314,100,fixed
315,315,100,fixed
316,316,100,fixed
317,317,100,fixed
318,318,100,fixed
319,319,100,fixed
320,320,100,fixed
321,321,100,fixed
322,322,100,fixed
323,323,100,fixed
324,324,100,fixed
325,325,100,fixed
326,326,100,fixed
327,327,100,fixed
328,328,100,fixed
329,329,100,fixed
330,330,100,fixed
331,331,100,fixed
332,1,100,proportional
333,2,100,proportional
334,3,100,proportional
335,4,100,proportional
336,5,100,proportional
337,6,100,proportional
338,7,100,proportional
339,8,100,proportional
340,9,100,proportional
341,10,100,proportional
342,11,100,proportional
343,12,100,proportional
344,13,100,proportional
345,14,100,proportional
346,15,100,proportional
347,16,100,proportional
348,17,100,proportional
349,18,100,proportional
350,19,100,proportional
351,20,100,proportional
352,21,100,proportional
353,22,100,proportional
354,23,100,proportional
355,24,100,proportional
356,25,100,proportional
357,26,100,proportional
358,27,100,proportional
359,28,100,proportional
360,29,100,proportional
361,30,100,proportional
362,31,100,proportional
363,32,100,proportional
364,33,100,proportional
365,34,100,proportional
366,35,100,proportional
367,36,100,proportional
368,37,100,proportional
369,38,100,proportional
370,39,100,proportional
371,40,100,proportional
372,41,100,proportional
373,42,100,proportional
374,43,100,proportional
375,44,100,proportional
376,45,100,proportional
377,46,100,proportional
378,47,100,proportional
379,48,100,proportional
380,49,100,proportional
381,50,100,proportional
382,51,100,proportional
383,52,100,proportional
384,53,100,proportional
385,54,100,proportional
386,55,100,proportional
387,56,100,proportional
388,57,100,proportional
389,58,100,proportional
390,59,100,proportional
391,60,100,proportional
392,61,100,proportional
393,62,100,proportional
394,63,100,proportional
395,64,100,proportional
396,65,100,proportional
397,66,100,proportional
398,67,100,proportional
399,68,100,proportional
400,69,100,proportional
401,70,100,proportional
402,71,100,proportional
403,72,100,proportional
404,73,100,proportional
405,74,100,proportional
406,75,100,proportional
407,76,100,proportional
408,77,100,proportional
409,78,100,proportional
410,79,100,proportional
411,80,100,proportional
412,81,100,proportional
413,82,100,proportional
414,83,100,proportional
415,84,100,proportional
416,85,100,proportional
417,86,100,proportional
418,87,100,proportional
419,88,100,proportional
420,89,100,proportional
421,90,100,proportional
422,91,100,proportional
423,92,100,proportional
424,93,100,proportional
425,94,100,proportional
426,95,100,proportional
427,96,100,proportional
428,97,100,proportional
429,98,100,proportional
430,99,100,proportional
431,100,100,proportional
432,101,100,proportional
433,102,100,proportional
434,103,100,proportional
435,104,100,proportional
436,105,100,proportional
437,106,100,proportional
438,107,100,proportional
439,108,100,proportional
440,109,100,proportional
441,110,100,proportional
442,111,100,proportional
443,112,100,proportional
444,113,100,proportional
445,114,100,proportional
446,115,100,proportional
447,116,100,proportional
448,117,100,proportional
449,118,100,proportional
450,119,100,proportional
451,120,100,proportional
452,121,100,proportional
453,122,100,proportional
454,123,100,proportional
455,124,100,proportional
456,125,100,proportional
457,126,100,proportional
458,127,100,proportional
459,128,100,proportional
460,129,100,proportional
461,130,100,proportional
462,131,100,proportional
463,132,100,proportional
464,133,100,proportional
465,134,100,proportional
466,135,100,proportional
467,136,100,proportional
468,137,100,proportional
469,138,100,proportional
470,139,100,proportional
471,140,100,proportional
472,141,100,proportional
473,142,100,proportional
474,143,100,proportional
475,144,100,proportional
476,145,100,proportional
477,146,100,proportional
478,147,100,proportional
479,148,100,proportional
480,149,100,proportional
481,150,100,proportional
482,151,100,proportional
483,152,100,proportional
484,153,100,proportional
485,154,100,proportional
486,155,100,proportional
487,156,100,proportional
488,157,100,proportional
489,158,100,proportional
490,159,100,proportional
491,160,100,proportional
492,161,100,proportional
493,162,100,proportional
494,163,100,proportional
495,164,100,proportional
496,165,100,proportional
497,166,100,proportional
498,167,100,proportional
499,168,100,proportional
500,169,100,proportional
501,170,100,proportional
502,171,100,proportional
503,172,100,proportional
504,173,100,proportional
505,174,100,proportional
506,175,100,proportional
507,176,100,proportional
508,177,100,proportional
509,178,100,proportional
510,179,100,proportional
511,180,100,proportional
512,181,100,proportional
513,182,100,proportional
514,183,100,proportional
515,184,100,proportional
516,185,100,proportional
517,186,100,proportional
518,187,100,proportional
519,188,100,proportional
520,189,100,proportional
521,190,100,proportional
522,191,100,proportional
523,192,100,proportional
524,193,100,proportional
525,194,100,proportional
526,195,100,proportional
527,196,100,proportional
528,197,100,proportional
529,198,100,proportional
530,199,100,proportional
531,200,100,proportional
532,201,100,proportional
533,202,100,proportional
534,203,100,proportional
535,204,100,proportional
536,205,100,proportional
537,206,100,proportional
538,207,100,proportional
539,208,100,proportional
540,209,100,proportional
541,210,100,proportional
542,211,100,proportional
543,212,100,proportional
544,213,100,proportional
545,214,100,proportional
546,215,100,proportional
547,216,100,proportional
548,217,100,proportional
549,218,100,proportional
550,219,100,proportional
551,220,100,proportional
552,221,100,proportional
553,222,100,proportional
554,223,100,proportional
555,224,100,proportional
556,225,100,proportional
557,226,100,proportional
558,227,100,proportional
559,228,100,proportional
560,229,100,proportional
561,230,100,proportional
562,231,100,proportional
563,232,100,proportional
564,233,100,proportional
565,234,100,proportional
566,235,100,proportional
567,236,100,proportional
568,237,100,proportional
569,238,100,proportional
570,239,100,proportional
571,240,100,proportional
572,241,100,proportional
573,242,100,proportional
574,243,100,proportional
575,244,100,proportional
576,245,100,proportional
577,246,100,proportional
578,247,100,proportional
579,248,100,proportional
580,249,100,proportional
581,250,100,proportional
582,251,100,proportional
583,252,100,proportional
584,253,100,proportional
585,254,100,proportional
586,255,100,proportional
587,256,100,proportional
588,257,100,proportional
589,258,100,proportional
590,259,100,proportional
591,260,100,proportional
592,261,100,proportional
593,262,100,proportional
594,263,100,proportional
595,264,100,proportional
596,265,100,proportional
597,266,100,proportional
598,267,100,proportional
599,268,100,proportional
600,269,100,proportional
601,270,100,proportional
602,271,100,proportional
603,272,100,proportional
604,273,100,proportional
605,274,100,proportional
606,275,100,proportional
607,276,100,proportional
608,277,100,proportional
609,278,100,proportional
610,279,100,proportional
611,280,100,proportional
612,281,100,proportional
613,282,100,proportional
614,283,100,proportional
615,284,100,proportional
616,285,100,proportional
617,286,100,proportional
618,287,100,proportional
619,288,100,proportional
620,289,100,proportional
621,290,100,proportional
622,291,100,proportional
623,292,100,proportional
624,293,100,proportional
625,294,100,proportional
626,295,100,proportional
627,296,100,proportional
628,297,100,proportional
629,298,100,proportional
630,299,100,proportional
631,300,100,proportional
632,301,100,proportional
633,302,100,proportional
634,303,100,proportional
635,304,100,proportional
636,305,100,proportional
637,306,100,proportional
638,307,100,proportional
639,308,100,proportional
640,309,100,proportional
641,310,100,proportional
642,311,100,proportional
643,312,100,proportional
644,313,100,proportional
645,314,100,proportional
646,315,100,proportional
647,316,100,proportional
648,317,100,proportional
649,318,100,proportional
650,319,100,proportional
651,320,100,proportional
652,321,100,proportional
653,322,100,proportional
654,323,100,proportional
655,324,100,proportional
656,325,100,proportional
657,326,100,proportional
658,327,100,proportional
659,328,100,proportional
660,329,100,proportional
661,330,100,proportional
662,331,100,proportional
663,1,100,fixed
664,2,100,fixed
665,3,100,fixed
666,4,100,fixed
667,5,100,fixed
668,6,100,fixed
669,7,100,fixed
670,8,100,fixed
671,9,100,fixed
672,10,100,fixed
673,11,100,fixed
674,12,100,fixed
675,13,100,fixed
676,14,100,fixed
677,15,100,fixed
678,16,100,fixed
679,17,100,fixed
680,18,100,fixed
681,19,100,fixed
682,20,100,fixed
683,21,100,fixed
684,22,100,fixed
685,23,100,fixed
686,24,100,fixed
687,25,100,fixed
688,26,100,fixed
689,27,100,fixed
690,28,100,fixed
691,29,100,fixed
692,30,100,fixed
693,31,100,fixed
694,32,100,fixed
695,33,100,fixed
696,34,100,fixed
697,35,100,fixed
698,36,100,fixed
699,37,100,fixed
700,38,100,fixed
701,39,100,fixed
702,40,100,fixed
703,41,100,fixed
704,42,100,fixed
705,43,100,fixed
706,44,100,fixed
707,45,100,fixed
708,46,100,fixed
709,47,100,fixed
710,48,100,fixed
711,49,100,fixed
712,50,100,fixed
713,51,100,fixed
714,52,100,fixed
715,53,100,fixed
716,54,100,fixed
717,55,100,fixed
718,56,100,fixed
719,57,100,fixed
720,58,100,fixed
721,59,100,fixed
722,60,100,fixed
723,61,100,fixed
724,62,100,fixed
725,63,100,fixed
726,64,100,fixed
727,65,100,fixed
728,66,100,fixed
729,67,100,fixed
730,68,100,fixed
731,69,100,fixed
732,70,100,fixed
733,71,100,fixed
734,72,100,fixed
735,73,100,fixed
736,74,100,fixed
737,75,100,fixed
738,76,100,fixed
739,77,100,fixed
740,78,100,fixed
741,79,100,fixed
742,80,100,fixed
743,81,100,fixed
744,82,100,fixed
745,83,100,fixed
746,84,100,fixed
747,85,100,fixed
748,86,100,fixed
749,87,100,fixed
750,88,100,fixed
751,89,100,fixed
752,90,100,fixed
753,91,100,fixed
754,92,100,fixed
755,93,100,fixed
756,94,100,fixed
757,95,100,fixed
758,96,100,fixed
759,97,100,fixed
760,98,100,fixed
761,99,100,fixed
762,100,100,fixed
763,101,100,fixed
764,102,100,fixed
765,103,100,fixed
766,104,100,fixed
767,105,100,fixed
768,106,100,fixed
769,107,100,fixed
770,108,100,fixed
771,109,100,fixed
772,110,100,fixed
773,111,100,fixed
774,112,100,fixed
775,113,100,fixed
776,114,100,fixed
777,115,100,fixed
778,116,100,fixed
779,117,100,fixed
780,118,100,fixed
781,119,100,fixed
782,120,100,fixed
783,121,100,fixed
784,122,100,fixed
785,123,100,fixed
786,124,100,fixed
787,125,100,fixed
788,126,100,fixed
789,127,100,fixed
790,128,100,fixed
791,129,100,fixed
792,130,100,fixed
793,131,100,fixed
794,132,100,fixed
795,133,100,fixed
796,134,100,fixed
797,135,100,fixed
798,136,100,fixed
799,137,100,fixed
800,138,100,fixed
801,139,100,fixed
802,140,100,fixed
803,141,100,fixed
804,142,100,fixed
805,143,100,fixed
806,144,100,fixed
807,145,100,fixed
808,146,100,fixed
809,147,100,fixed
810,148,100,fixed
811,149,100,fixed
812,150,100,fixed
813,151,100,fixed
814,152,100,fixed
815,153,100,fixed
816,154,100,fixed
817,155,100,fixed
818,156,100,fixed
819,157,100,fixed
820,158,100,fixed
821,159,100,fixed
822,160,100,fixed
823,161,100,fixed
824,162,100,fixed
825,163,100,fixed
826,164,100,fixed
827,165,100,fixed
828,166,100,fixed
829,167,100,fixed
830,168,100,fixed
831,169,100,fixed
832,170,100,fixed
833,171,100,fixed
834,172,100,fixed
835,173,100,fixed
836,174,100,fixed
837,175,100,fixed
838,176,100,fixed
839,177,100,fixed
840,178,100,fixed
841,179,100,fixed
842,180,100,fixed
843,181,100,fixed
844,182,100,fixed
845,183,100,fixed
846,184,100,fixed
847,185,100,fixed
848,186,100,fixed
849,187,100,fixed
850,188,100,fixed
851,189,100,fixed
852,190,100,fixed
853,191,100,fixed
854,192,100,fixed
855,193,100,fixed
856,194,100,fixed
857,195,100,fixed
858,196,100,fixed
859,197,100,fixed
860,198,100,fixed
861,199,100,fixed
862,200,100,fixed
863,201,100,fixed
864,202,100,fixed
865,203,100,fixed
866,204,100,fixed
867,205,100,fixed
868,206,100,fixed
869,207,100,fixed
870,208,100,fixed
871,209,100,fixed
872,210,100,fixed
873,211,100,fixed
874,212,100,fixed
875,213,100,fixed
876,214,100,fixed
877,215,100,fixed
878,216,100,fixed
879,217,100,fixed
880,218,100,fixed
881,219,100,fixed
882,220,100,fixed
883,221,100,fixed
884,222,100,fixed
885,223,100,fixed
886,224,100,fixed
887,225,100,fixed
888,226,100,fixed
889,227,100,fixed
890,228,100,fixed
891,229,100,fixed
892,230,100,fixed
893,231,100,fixed
894,232,100,fixed
895,233,100,fixed
896,234,100,fixed
897,235,100,fixed
898,236,100,fixed
899,237,100,fixed
900,238,100,fixed
901,239,100,fixed
902,240,100,fixed
903,241,100,fixed
904,242,100,fixed
905,243,100,fixed
906,244,100,fixed
907,245,100,fixed
908,246,100,fixed
909,247,100,fixed
910,248,100,fixed
911,249,100,fixed
912,250,100,fixed
913,251,100,fixed
914,252,100,fixed
915,253,100,fixed
916,254,100,fixed
917,255,100,fixed
918,256,100,fixed
919,257,100,fixed
920,258,100,fixed
921,259,100,fixed
922,260,100,fixed
923,261,100,fixed
924,262,100,fixed
925,263,100,fixed
926,264,100,fixed
927,265,100,fixed
928,266,100,fixed
929,267,100,fixed
930,268,100,fixed
931,269,100,fixed
932,270,100,fixed
933,271,100,fixed
934,272,100,fixed
935,273,100,fixed
936,274,100,fixed
937,275,100,fixed
938,276,100,fixed
939,277,100,fixed
940,278,100,fixed
941,279,100,fixed
942,280,100,fixed
943,281,100,fixed
944,282,100,fixed
945,283,100,fixed
946,284,100,fixed
947,285,100,fixed
948,286,100,fixed
949,287,100,fixed
950,288,100,fixed
951,289,100,fixed
952,290,100,fixed
953,291,100,fixed
954,292,100,fixed
955,293,100,fixed
956,294,100,fixed
957,295,100,fixed
958,296,100,fixed
959,297,100,fixed
960,298,100,fixed
961,299,100,fixed
962,300,100,fixed
963,301,100,fixed
964,302,100,fixed
965,303,100,fixed
966,304,100,fixed
967,305,100,fixed
968,306,100,fixed
969,307,100,fixed
970,308,100,fixed
971,309,100,fixed
972,310,100,fixed
973,311,100,fixed
974,312,100,fixed
975,313,100,fixed
976,314,100,fixed
977,315,100,fixed
978,316,100,fixed
979,317,100,fixed
980,318,100,fixed
981,319,100,fixed
982,320,100,fixed
983,321,100,fixed
984,322,100,fixed
985,323,100,fixed
986,324,100,fixed
987,325,100,fixed
988,326,100,fixed
989,327,100,fixed
990,328,100,fixed
991,329,100,fixed
992,330,100,fixed
993,331,100,fixed
994,1,100,proportional
995,2,100,proportional
996,3,100,proportional
997,4,100,proportional
998,5,100,proportional
999,6,100,proportional
1000,7,100,proportional
1001,8,100,proportional
1002,9,100,proportional
1003,10,100,proportional
1004,11,100,proportional
1005,12,100,proportional
1006,13,100,proportional
1007,14,100,proportional
1008,15,100,proportional
1009,16,100,proportional
1010,17,100,proportional
1011,18,100,proportional
1012,19,100,proportional
1013,20,100,proportional
1014,21,100,proportional
1015,22,100,proportional
1016,23,100,proportional
1017,24,100,proportional
1018,25,100,proportional
1019,26,100,proportional
1020,27,100,proportional
1021,28,100,proportional
1022,29,100,proportional
1023,30,100,proportional
1024,31,100,proportional
1025,32,100,proportional
1026,33,100,proportional
1027,34,100,proportional
1028,35,100,proportional
1029,36,100,proportional
1030,37,100,proportional
1031,38,100,proportional
1032,39,100,proportional
1033,40,100,proportional
1034,41,100,proportional
1035,42,100,proportional
1036,43,100,proportional
1037,44,100,proportional
1038,45,100,proportional
1039,46,100,proportional
1040,47,100,proportional
1041,48,100,proportional
1042,49,100,proportional
1043,50,100,proportional
1044,51,100,proportional
1045,52,100,proportional
1046,53,100,proportional
1047,54,100,proportional
1048,55,100,proportional
1049,56,100,proportional
1050,57,100,proportional
1051,58,100,proportional
1052,59,100,proportional
1053,60,100,proportional
1054,61,100,proportional
1055,62,100,proportional
1056,63,100,proportional
1057,64,100,proportional
1058,65,100,proportional
1059,66,100,proportional
1060,67,100,proportional
1061,68,100,proportional
1062,69,100,proportional
1063,70,100,proportional
1064,71,100,proportional
1065,72,100,proportional
1066,73,100,proportional
1067,74,100,proportional
1068,75,100,proportional
1069,76,100,proportional
1070,77,100,proportional
1071,78,100,proportional
1072,79,100,proportional
1073,80,100,proportional
1074,81,100,proportional
1075,82,100,proportional
1076,83,100,proportional
1077,84,100,proportional
1078,85,100,proportional
1079,86,100,proportional
1080,87,100,proportional
1081,88,100,proportional
1082,89,100,proportional
1083,90,100,proportional
1084,91,100,proportional
1085,92,100,proportional
1086,93,100,proportional
1087,94,100,proportional
1088,95,100,proportional
1089,96,100,proportional
1090,97,100,proportional
1091,98,100,proportional
1092,99,100,proportional
1093,100,100,proportional
1094,101,100,proportional
1095,102,100,proportional
1096,103,100,proportional
1097,104,100,proportional
1098,105,100,proportional
1099,106,100,proportional
1100,107,100,proportional
1101,108,100,proportional
1102,109,100,proportional
1103,110,100,proportional
1104,111,100,proportional
1105,112,100,proportional
1106,113,100,proportional
1107,114,100,proportional
1108,115,100,proportional
1109,116,100,proportional
1110,117,100,proportional
1111,118,100,proportional
1112,119,100,proportional
1113,120,100,proportional
1114,121,100,proportional
1115,122,100,proportional
1116,123,100,proportional
1117,124,100,proportional
1118,125,100,proportional
1119,126,100,proportional
1120,127,100,proportional
1121,128,100,proportional
1122,129,100,proportional
1123,130,100,proportional
1124,131,100,proportional
1125,132,100,proportional
1126,133,100,proportional
1127,134,100,proportional
1128,135,100,proportional
1129,136,100,proportional
1130,137,100,proportional
1131,138,100,proportional
1132,139,100,proportional
1133,140,100,proportional
1134,141,100,proportional
1135,142,100,proportional
1136,143,100,proportional
1137,144,100,proportional
1138,145,100,proportional
1139,146,100,proportional
1140,147,100,proportional
1141,148,100,proportional
1142,149,100,proportional
1143,150,100,proportional
1144,151,100,proportional
1145,152,100,proportional
1146,153,100,proportional
1147,154,100,proportional
1148,155,100,proportional
1149,156,100,proportional
1150,157,100,proportional
1151,158,100,proportional
1152,159,100,proportional
1153,160,100,proportional
1154,161,100,proportional
1155,162,100,proportional
1156,163,100,proportional
1157,164,100,proportional
1158,165,100,proportional
1159,166,100,proportional
1160,167,100,proportional
1161,168,100,proportional
1162,169,100,proportional
1163,170,100,proportional
1164,171,100,proportional
1165,172,100,proportional
1166,173,100,proportional
1167,174,100,proportional
1168,175,100,proportional
1169,176,100,proportional
1170,177,100,proportional
1171,178,100,proportional
1172,179,100,proportional
1173,180,100,proportional
1174,181,100,proportional
1175,182,100,proportional
1176,183,100,proportional
1177,184,100,proportional
1178,185,100,proportional
1179,186,100,proportional
1180,187,100,proportional
1181,188,100,proportional
1182,189,100,proportional
1183,190,100,proportional
1184,191,100,proportional
1185,192,100,proportional
1186,193,100,proportional
1187,194,100,proportional
1188,195,100,proportional
1189,196,100,proportional
1190,197,100,proportional
1191,198,100,proportional
1192,199,100,proportional
1193,200,100,proportional
1194,201,100,proportional
1195,202,100,proportional
1196,203,100,proportional
1197,204,100,proportional
1198,205,100,proportional
1199,206,100,proportional
1200,207,100,proportional
1201,208,100,proportional
1202,209,100,proportional
1203,210,100,proportional
1204,211,100,proportional
1205,212,100,proportional
1206,213,100,proportional
1207,214,100,proportional
1208,215,100,proportional
1209,216,100,proportional
1210,217,100,proportional
1211,218,100,proportional
1212,219,100,proportional
1213,220,100,proportional
1214,221,100,proportional
1215,222,100,proportional
1216,223,100,proportional
1217,224,100,proportional
1218,225,100,proportional
1219,226,100,proportional
1220,227,100,proportional
1221,228,100,proportional
1222,229,100,proportional
1223,230,100,proportional
1224,231,100,proportional
1225,232,100,proportional
1226,233,100,proportional
1227,234,100,proportional
1228,235,100,proportional
1229,236,100,proportional
1230,237,100,proportional
1231,238,100,proportional
1232,239,100,proportional
1233,240,100,proportional
1234,241,100,proportional
1235,242,100,proportional
1236,243,100,proportional
1237,244,100,proportional
1238,245,100,proportional
1239,246,100,proportional
1240,247,100,proportional
1241,248,100,proportional
1242,249,100,proportional
1243,250,100,proportional
1244,251,100,proportional
1245,252,100,proportional
1246,253,100,proportional
1247,254,100,proportional
1248,255,100,proportional
1249,256,100,proportional
1250,257,100,proportional
1251,258,100,proportional
1252,259,100,proportional
1253,260,100,proportional
1254,261,100,proportional
1255,262,100,proportional
1256,263,100,proportional
1257,264,100,proportional
1258,265,100,proportional
1259,266,100,proportional
1260,267,100,proportional
1261,268,100,proportional
1262,269,100,proportional
1263,270,100,proportional
1264,271,100,proportional
1265,272,100,proportional
1266,273,100,proportional
1267,274,100,proportional
1268,275,100,proportional
1269,276,100,proportional
1270,277,100,proportional
1271,278,100,proportional
1272,279,100,proportional
1273,280,100,proportional
1274,281,100,proportional
1275,282,100,proportional
1276,283,100,proportional
1277,284,100,proportional
1278,285,100,proportional
1279,286,100,proportional
1280,287,100,proportional
1281,288,100,proportional
1282,289,100,proportional
1283,290,100,proportional
1284,291,100,proportional
1285,292,100,proportional
1286,293,100,proportional
1287,294,100,proportional
1288,295,100,proportional
1289,296,100,proportional
1290,297,100,proportional
1291,298,100,proportional
1292,299,100,proportional
1293,300,100,proportional
1294,301,100,proportional
1295,302,100,proportional
1296,303,100,proportional
1297,304,100,proportional
1298,305,100,proportional
1299,306,100,proportional
1300,307,100,proportional
1301,308,100,proportional
1302,309,100,proportional
1303,310,100,proportional
1304,311,100,proportional
1305,312,100,proportional
1306,313,100,proportional
1307,314,100,proportional
1308,315,100,proportional
1309,316,100,proportional
1310,317,100,proportional
1311,318,100,proportional
1312,319,100,proportional
1313,320,100,proportional
1314,321,100,proportional
1315,322,100,proportional
1316,323,100,proportional
1317,324,100,proportional
1318,325,100,proportional
1319,326,100,proportional
1320,327,100,proportional
1321,328,100,proportional
1322,329,100,proportional
1323,330,100,proportional
1324,331,100,proportional
1325,1,100,fixed
1326,2,100,fixed
1327,3,100,fixed
1328,4,100,fixed
1329,5,100,fixed
1330,6,100,fixed
1331,7,100,fixed
1332,8,100,fixed
1333,9,100,fixed
1334,10,100,fixed
1335,11,100,fixed
1336,12,100,fixed
1337,13,100,fixed
1338,14,100,fixed
1339,15,100,fixed
1340,16,100,fixed
1341,17,100,fixed
1342,18,100,fixed
1343,19,100,fixed
1344,20,100,fixed
1345,21,100,fixed
1346,22,100,fixed
1347,23,100,fixed
1348,24,100,fixed
1349,25,100,fixed
1350,26,100,fixed
1351,27,100,fixed
1352,28,100,fixed
1353,29,100,fixed
1354,30,100,fixed
1355,31,100,fixed
1356,32,100,fixed
1357,33,100,fixed
1358,34,100,fixed
1359,35,100,fixed
1360,36,100,fixed
1361,37,100,fixed
1362,38,100,fixed
1363,39,100,fixed
1364,40,100,fixed
1365,41,100,fixed
1366,42,100,fixed
1367,43,100,fixed
1368,44,100,fixed
1369,45,100,fixed
1370,46,100,fixed
1371,47,100,fixed
1372,48,100,fixed
1373,49,100,fixed
1374,50,100,fixed
1375,51,100,fixed
1376,52,100,fixed
1377,53,100,fixed
1378,54,100,fixed
1379,55,100,fixed
1380,56,100,fixed
1381,57,100,fixed
1382,58,100,fixed
1383,59,100,fixed
1384,60,100,fixed
1385,61,100,fixed
1386,62,100,fixed
1387,63,100,fixed
1388,64,100,fixed
1389,65,100,fixed
1390,66,100,fixed
1391,67,100,fixed
1392,68,100,fixed
1393,69,100,fixed
1394,70,100,fixed
1395,71,100,fixed
1396,72,100,fixed
1397,73,100,fixed
1398,74,100,fixed
1399,75,100,fixed
1400,76,100,fixed
1401,77,100,fixed
1402,78,100,fixed
1403,79,100,fixed
1404,80,100,fixed
1405,81,100,fixed
1406,82,100,fixed
1407,83,100,fixed
1408,84,100,fixed
1409,85,100,fixed
1410,86,100,fixed
1411,87,100,fixed
1412,88,100,fixed
1413,89,100,fixed
1414,90,100,fixed
1415,91,100,fixed
1416,92,100,fixed
1417,93,100,fixed
1418,94,100,fixed
1419,95,100,fixed
1420,96,100,fixed
1421,97,100,fixed
1422,98,100,fixed
1423,99,100,fixed
1424,100,100,fixed
1425,101,100,fixed
1426,102,100,fixed
1427,103,100,fixed
1428,104,100,fixed
1429,105,100,fixed
1430,106,100,fixed
1431,107,100,fixed
1432,108,100,fixed
1433,109,100,fixed
1434,110,100,fixed
1435,111,100,fixed
1436,112,100,fixed
1437,113,100,fixed
1438,114,100,fixed
1439,115,100,fixed
1440,116,100,fixed
1441,117,100,fixed
1442,118,100,fixed
1443,119,100,fixed
1444,120,100,fixed
1445,121,100,fixed
1446,122,100,fixed
1447,123,100,fixed
1448,124,100,fixed
1449,125,100,fixed
1450,126,100,fixed
1451,127,100,fixed
1452,128,100,fixed
1453,129,100,fixed
1454,130,100,fixed
1455,131,100,fixed
1456,132,100,fixed
1457,133,100,fixed
1458,134,100,fixed
1459,135,100,fixed
1460,136,100,fixed
1461,137,100,fixed
1462,138,100,fixed
1463,139,100,fixed
1464,140,100,fixed
1465,141,100,fixed
1466,142,100,fixed
1467,143,100,fixed
1468,144,100,fixed
1469,145,100,fixed
1470,146,100,fixed
1471,147,100,fixed
1472,148,100,fixed
1473,149,100,fixed
1474,150,100,fixed
1475,151,100,fixed
1476,152,100,fixed
1477,153,100,fixed
1478,154,100,fixed
1479,155,100,fixed
1480,156,100,fixed
1481,157,100,fixed
1482,158,100,fixed
1483,159,100,fixed
1484,160,100,fixed
1485,161,100,fixed
1486,162,100,fixed
1487,163,100,fixed
1488,164,100,fixed
1489,165,100,fixed
1490,166,100,fixed
1491,167,100,fixed
1492,168,100,fixed
1493,169,100,fixed
1494,170,100,fixed
1495,171,100,fixed
1496,172,100,fixed
1497,173,100,fixed
1498,174,100,fixed
1499,175,100,fixed
1500,176,100,fixed
1501,177,100,fixed
1502,178,100,fixed
1503,179,100,fixed
1504,180,100,fixed
1505,181,100,fixed
1506,182,100,fixed
1507,183,100,fixed
1508,184,100,fixed
1509,185,100,fixed
1510,186,100,fixed
1511,187,100,fixed
1512,188,100,fixed
1513,189,100,fixed
1514,190,100,fixed
1515,191,100,fixed
1516,192,100,fixed
1517,193,100,fixed
1518,194,100,fixed
1519,195,100,fixed
1520,196,100,fixed
1521,197,100,fixed
1522,198,100,fixed
1523,199,100,fixed
1524,200,100,fixed
1525,201,100,fixed
1526,202,100,fixed
1527,203,100,fixed
1528,204,100,fixed
1529,205,100,fixed
1530,206,100,fixed
1531,207,100,fixed
1532,208,100,fixed
1533,209,100,fixed
1534,210,100,fixed
1535,211,100,fixed
1536,212,100,fixed
1537,213,100,fixed
1538,214,100,fixed
1539,215,100,fixed
1540,216,100,fixed
1541,217,100,fixed
1542,218,100,fixed
1543,219,100,fixed
1544,220,100,fixed
1545,221,100,fixed
1546,222,100,fixed
1547,223,100,fixed
1548,224,100,fixed
1549,225,100,fixed
1550,226,100,fixed
1551,227,100,fixed
1552,228,100,fixed
1553,229,100,fixed
1554,230,100,fixed
1555,231,100,fixed
1556,232,100,fixed
1557,233,100,fixed
1558,234,100,fixed
1559,235,100,fixed
1560,236,100,fixed
1561,237,100,fixed
1562,238,100,fixed
1563,239,100,fixed
1564,240,100,fixed
1565,241,100,fixed
1566,242,100,fixed
1567,243,100,fixed
1568,244,100,fixed
1569,245,100,fixed
1570,246,100,fixed
1571,247,100,fixed
1572,248,100,fixed
1573,249,100,fixed
1574,250,100,fixed
1575,251,100,fixed
1576,252,100,fixed
1577,253,100,fixed
1578,254,100,fixed
1579,255,100,fixed
1580,256,100,fixed
1581,257,100,fixed
1582,258,100,fixed
1583,259,100,fixed
1584,260,100,fixed
1585,261,100,fixed
1586,262,100,fixed
1587,263,100,fixed
1588,264,100,fixed
1589,265,100,fixed
1590,266,100,fixed
1591,267,100,fixed
1592,268,100,fixed
1593,269,100,fixed
1594,270,100,fixed
1595,271,100,fixed
1596,272,100,fixed
1597,273,100,fixed
1598,274,100,fixed
1599,275,100,fixed
1600,276,100,fixed
1601,277,100,fixed
1602,278,100,fixed
1603,279,100,fixed
1604,280,100,fixed
1605,281,100,fixed
1606,282,100,fixed
1607,283,100,fixed
1608,284,100,fixed
1609,285,100,fixed
1610,286,100,fixed
1611,287,100,fixed
1612,288,100,fixed
1613,289,100,fixed
1614,290,100,fixed
1615,291,100,fixed
1616,292,100,fixed
1617,293,100,fixed
1618,294,100,fixed
1619,295,100,fixed
1620,296,100,fixed
1621,297,100,fixed
1622,298,100,fixed
1623,299,100,fixed
1624,300,100,fixed
1625,301,100,fixed
1626,302,100,fixed
1627,303,100,fixed
1628,304,100,fixed
1629,305,100,fixed
1630,306,100,fixed
1631,307,100,fixed
1632,308,100,fixed
1633,309,100,fixed
1634,310,100,fixed
1635,311,100,fixed
1636,312,100,fixed
1637,313,100,fixed
1638,314,100,fixed
1639,315,100,fixed
1640,316,100,fixed
1641,317,100,fixed
1642,318,100,fixed
1643,319,100,fixed
1644,320,100,fixed
1645,321,100,fixed
1646,322,100,fixed
1647,323,100,fixed
1648,324,100,fixed
1649,325,100,fixed
1650,326,100,fixed
1651,327,100,fixed
1652,328,100,fixed
1653,329,100,fixed
1654,330,100,fixed
1655,331,100,fixed
1656,1,100,proportional
1657,2,100,proportional
1658,3,100,proportional
1659,4,100,proportional
1660,5,100,proportional
1661,6,100,proportional
1662,7,100,proportional
1663,8,100,proportional
1664,9,100,proportional
1665,10,100,proportional
1666,11,100,proportional
1667,12,100,proportional
1668,13,100,proportional
1669,14,100,proportional
1670,15,100,proportional
1671,16,100,proportional
1672,17,100,proportional
1673,18,100,proportional
1674,19,100,proportional
1675,20,100,proportional
1676,21,100,proportional
1677,22,100,proportional
1678,23,100,proportional
1679,24,100,proportional
1680,25,100,proportional
1681,26,100,proportional
1682,27,100,proportional
1683,28,100,proportional
1684,29,100,proportional
1685,30,100,proportional
1686,31,100,proportional
1687,32,100,proportional
1688,33,100,proportional
1689,34,100,proportional
1690,35,100,proportional
1691,36,100,proportional
1692,37,100,proportional
1693,38,100,proportional
1694,39,100,proportional
1695,40,100,proportional
1696,41,100,proportional
1697,42,100,proportional
1698,43,100,proportional
1699,44,100,proportional
1700,45,100,proportional
1701,46,100,proportional
1702,47,100,proportional
1703,48,100,proportional
1704,49,100,proportional
1705,50,100,proportional
1706,51,100,proportional
1707,52,100,proportional
1708,53,100,proportional
1709,54,100,proportional
1710,55,100,proportional
1711,56,100,proportional
1712,57,100,proportional
1713,58,100,proportional
1714,59,100,proportional
1715,60,100,proportional
1716,61,100,proportional
1717,62,100,proportional
1718,63,100,proportional
1719,64,100,proportional
1720,65,100,proportional
1721,66,100,proportional
1722,67,100,proportional
1723,68,100,proportional
1724,69,100,proportional
1725,70,100,proportional
1726,71,100,proportional
1727,72,100,proportional
1728,73,100,proportional
1729,74,100,proportional
1730,75,100,proportional
1731,76,100,proportional
1732,77,100,proportional
1733,78,100,proportional
1734,79,100,proportional
1735,80,100,proportional
1736,81,100,proportional
1737,82,100,proportional
1738,83,100,proportional
1739,84,100,proportional
1740,85,100,proportional
1741,86,100,proportional
1742,87,100,proportional
1743,88,100,proportional
1744,89,100,proportional
1745,90,100,proportional
1746,91,100,proportional
1747,92,100,proportional
1748,93,100,proportional
1749,94,100,proportional
1750,95,100,proportional
1751,96,100,proportional
1752,97,100,proportional
1753,98,100,proportional
1754,99,100,proportional
1755,100,100,proportional
1756,101,100,proportional
1757,102,100,proportional
1758,103,100,proportional
1759,104,100,proportional
1760,105,100,proportional
1761,106,100,proportional
1762,107,100,proportional
1763,108,100,proportional
1764,109,100,proportional
1765,110,100,proportional
1766,111,100,proportional
1767,112,100,proportional
1768,113,100,proportional
1769,114,100,proportional
1770,115,100,proportional
1771,116,100,proportional
1772,117,100,proportional
1773,118,100,proportional
1774,119,100,proportional
1775,120,100,proportional
1776,121,100,proportional
1777,122,100,proportional
1778,123,100,proportional
1779,124,100,proportional
1780,125,100,proportional
1781,126,100,proportional
1782,127,100,proportional
1783,128,100,proportional
1784,129,100,proportional
1785,130,100,proportional
1786,131,100,proportional
1787,132,100,proportional
1788,133,100,proportional
1789,134,100,proportional
1790,135,100,proportional
1791,136,100,proportional
1792,137,100,proportional
1793,138,100,proportional
1794,139,100,proportional
1795,140,100,proportional
1796,141,100,proportional
1797,142,100,proportional
1798,143,100,proportional
1799,144,100,proportional
1800,145,100,proportional
1801,146,100,proportional
1802,147,100,proportional
1803,148,100,proportional
1804,149,100,proportional
1805,150,100,proportional
1806,151,100,proportional
1807,152,100,proportional
1808,153,100,proportional
1809,154,100,proportional
1810,155,100,proportional
1811,156,100,proportional
1812,157,100,proportional
1813,158,100,proportional
1814,159,100,proportional
1815,160,100,proportional
1816,161,100,proportional
1817,162,100,proportional
1818,163,100,proportional
1819,164,100,proportional
1820,165,100,proportional
1821,166,100,proportional
1822,167,100,proportional
1823,168,100,proportional
1824,169,100,proportional
1825,170,100,proportional
1826,171,100,proportional
1827,172,100,proportional
1828,173,100,proportional
1829,174,100,proportional
1830,175,100,proportional
1831,176,100,proportional
1832,177,100,proportional
1833,178,100,proportional
1834,179,100,proportional
1835,180,100,proportional
1836,181,100,proportional
1837,182,100,proportional
1838,183,100,proportional
1839,184,100,proportional
1840,185,100,proportional
1841,186,100,proportional
1842,187,100,proportional
1843,188,100,proportional
1844,189,100,proportional
1845,190,100,proportional
1846,191,100,proportional
1847,192,100,proportional
1848,193,100,proportional
1849,194,100,proportional
1850,195,100,proportional
1851,196,100,proportional
1852,197,100,proportional
1853,198,100,proportional
1854,199,100,proportional
1855,200,100,proportional
1856,201,100,proportional
1857,202,100,proportional
1858,203,100,proportional
1859,204,100,proportional
1860,205,100,proportional
1861,206,100,proportional
1862,207,100,proportional
1863,208,100,proportional
1864,209,100,proportional
1865,210,100,proportional
1866,211,100,proportional
1867,212,100,proportional
1868,213,100,proportional
1869,214,100,proportional
1870,215,100,proportional
1871,216,100,proportional
1872,217,100,proportional
1873,218,100,proportional
1874,219,100,proportional
1875,220,100,proportional
1876,221,100,proportional
1877,222,100,proportional
1878,223,100,proportional
1879,224,100,proportional
1880,225,100,proportional
1881,226,100,proportional
1882,227,100,proportional
1883,228,100,proportional
1884,229,100,proportional
1885,230,100,proportional
1886,231,100,proportional
1887,232,100,proportional
1888,233,100,proportional
1889,234,100,proportional
1890,235,100,proportional
1891,236,100,proportional
1892,237,100,proportional
1893,238,100,proportional
1894,239,100,proportional
1895,240,100,proportional
1896,241,100,proportional
1897,242,100,proportional
1898,243,100,proportional
1899,244,100,proportional
1900,245,100,proportional
1901,246,100,proportional
1902,247,100,proportional
1903,248,100,proportional
1904,249,100,proportional
1905,250,100,proportional
1906,251,100,proportional
1907,252,100,proportional
1908,253,100,proportional
1909,254,100,proportional
1910,255,100,proportional
1911,256,100,proportional
1912,257,100,proportional
1913,258,100,proportional
1914,259,100,proportional
1915,260,100,proportional
1916,261,100,proportional
1917,262,100,proportional
1918,263,100,proportional
1919,264,100,proportional
1920,265,100,proportional
1921,266,100,proportional
1922,267,100,proportional
1923,268,100,proportional
1924,269,100,proportional
1925,270,100,proportional
1926,271,100,proportional
1927,272,100,proportional
1928,273,100,proportional
1929,274,100,proportional
1930,275,100,proportional
1931,276,100,proportional
1932,277,100,proportional
1933,278,100,proportional
1934,279,100,proportional
1935,280,100,proportional
1936,281,100,proportional
1937,282,100,proportional
1938,283,100,proportional
1939,284,100,proportional
1940,285,100,proportional
1941,286,100,proportional
1942,287,100,proportional
1943,288,100,proportional
1944,289,100,proportional
1945,290,100,proportional
1946,291,100,proportional
1947,292,100,proportional
1948,293,100,proportional
1949,294,100,proportional
1950,295,100,proportional
1951,296,100,proportional
1952,297,100,proportional
1953,298,100,proportional
1954,299,100,proportional
1955,300,100,proportional
1956,301,100,proportional
1957,302,100,proportional
1958,303,100,proportional
1959,304,100,proportional
1960,305,100,proportional
1961,306,100,proportional
1962,307,100,proportional
1963,308,100,proportional
1964,309,100,proportional
1965,310,100,proportional
1966,311,100,proportional
1967,312,100,proportional
1968,313,100,proportional
1969,314,100,proportional
1970,315,100,proportional
1971,316,100,proportional
1972,317,100,proportional
1973,318,100,proportional
1974,319,100,proportional
1975,320,100,proportional
1976,321,100,proportional
1977,322,100,proportional
1978,323,100,proportional
1979,324,100,proportional
1980,325,100,proportional
1981,326,100,proportional
1982,327,100,proportional
1983,328,100,proportional
1984,329,100,proportional
1985,330,100,proportional
1986,331,100,proportional
1987,1,100,fixed
1988,2,100,fixed
1989,3,100,fixed
1990,4,100,fixed
1991,5,100,fixed
1992,6,100,fixed
1993,7,100,fixed
1994,8,100,fixed
1995,9,100,fixed
1996,10,100,fixed
1997,11,100,fixed
1998,12,100,fixed
1999,13,100,fixed
2000,14,100,fixed
2001,15,100,fixed
2002,16,100,fixed
2003,17,100,fixed
2004,18,100,fixed
2005,19,100,fixed
2006,20,100,fixed
2007,21,100,fixed
2008,22,100,fixed
2009,23,100,fixed
2010,24,100,fixed
2011,25,100,fixed
2012,26,100,fixed
2013,27,100,fixed
2014,28,100,fixed
2015,29,100,fixed
2016,30,100,fixed
2017,31,100,fixed
2018,32,100,fixed
2019,33,100,fixed
2020,34,100,fixed
2021,35,100,fixed
2022,36,100,fixed
2023,37,100,fixed
2024,38,100,fixed
2025,39,100,fixed
2026,40,100,fixed
2027,41,100,fixed
2028,42,100,fixed
2029,43,100,fixed
2030,44,100,fixed
2031,45,100,fixed
2032,46,100,fixed
2033,47,100,fixed
2034,48,100,fixed
2035,49,100,fixed
2036,50,100,fixed
2037,51,100,fixed
2038,52,100,fixed
2039,53,100,fixed
2040,54,100,fixed
2041,55,100,fixed
2042,56,100,fixed
2043,57,100,fixed
2044,58,100,fixed
2045,59,100,fixed
2046,60,100,fixed
2047,61,100,fixed
2048,62,100,fixed
2049,63,100,fixed
2050,64,100,fixed
2051,65,100,fixed
2052,66,100,fixed
2053,67,100,fixed
2054,68,100,fixed
2055,69,100,fixed
2056,70,100,fixed
2057,71,100,fixed
2058,72,100,fixed
2059,73,100,fixed
2060,74,100,fixed
2061,75,100,fixed
2062,76,100,fixed
2063,77,100,fixed
2064,78,100,fixed
2065,79,100,fixed
2066,80,100,fixed
2067,81,100,fixed
2068,82,100,fixed
2069,83,100,fixed
2070,84,100,fixed
2071,85,100,fixed
2072,86,100,fixed
2073,87,100,fixed
2074,88,100,fixed
2075,89,100,fixed
2076,90,100,fixed
2077,91,100,fixed
2078,92,100,fixed
2079,93,100,fixed
2080,94,100,fixed
2081,95,100,fixed
2082,96,100,fixed
2083,97,100,fixed
2084,98,100,fixed
2085,99,100,fixed
2086,100,100,fixed
2087,101,100,fixed
2088,102,100,fixed
2089,103,100,fixed
2090,104,100,fixed
2091,105,100,fixed
2092,106,100,fixed
2093,107,100,fixed
2094,108,100,fixed
2095,109,100,fixed
2096,110,100,fixed
2097,111,100,fixed
2098,112,100,fixed
2099,113,100,fixed
2100,114,100,fixed
2101,115,100,fixed
2102,116,100,fixed
2103,117,100,fixed
2104,118,100,fixed
2105,119,100,fixed
2106,120,100,fixed
2107,121,100,fixed
2108,122,100,fixed
2109,123,100,fixed
2110,124,100,fixed
2111,125,100,fixed
2112,126,100,fixed
2113,127,100,fixed
2114,128,100,fixed
2115,129,100,fixed
2116,130,100,fixed
2117,131,100,fixed
2118,132,100,fixed
2119,133,100,fixed
2120,134,100,fixed
2121,135,100,fixed
2122,136,100,fixed
2123,137,100,fixed
2124,138,100,fixed
2125,139,100,fixed
2126,140,100,fixed
2127,141,100,fixed
2128,142,100,fixed
2129,143,100,fixed
2130,144,100,fixed
2131,145,100,fixed
2132,146,100,fixed
2133,147,100,fixed
2134,148,100,fixed
2135,149,100,fixed
2136,150,100,fixed
2137,151,100,fixed
2138,152,100,fixed
2139,153,100,fixed
2140,154,100,fixed
2141,155,100,fixed
2142,156,100,fixed
2143,157,100,fixed
2144,158,100,fixed
2145,159,100,fixed
2146,160,100,fixed
2147,161,100,fixed
2148,162,100,fixed
2149,163,100,fixed
2150,164,100,fixed
2151,165,100,fixed
2152,166,100,fixed
2153,167,100,fixed
2154,168,100,fixed
2155,169,100,fixed
2156,170,100,fixed
2157,171,100,fixed
2158,172,100,fixed
2159,173,100,fixed
2160,174,100,fixed
2161,175,100,fixed
2162,176,100,fixed
2163,177,100,fixed
2164,178,100,fixed
2165,179,100,fixed
2166,180,100,fixed
2167,181,100,fixed
2168,182,100,fixed
2169,183,100,fixed
2170,184,100,fixed
2171,185,100,fixed
2172,186,100,fixed
2173,187,100,fixed
2174,188,100,fixed
2175,189,100,fixed
2176,190,100,fixed
2177,191,100,fixed
2178,192,100,fixed
2179,193,100,fixed
2180,194,100,fixed
2181,195,100,fixed
2182,196,100,fixed
2183,197,100,fixed
2184,198,100,fixed
2185,199,100,fixed
2186,200,100,fixed
2187,201,100,fixed
2188,202,100,fixed
2189,203,100,fixed
2190,204,100,fixed
2191,205,100,fixed
2192,206,100,fixed
2193,207,100,fixed
2194,208,100,fixed
2195,209,100,fixed
2196,210,100,fixed
2197,211,100,fixed
2198,212,100,fixed
2199,213,100,fixed
2200,214,100,fixed
2201,215,100,fixed
2202,216,100,fixed
2203,217,100,fixed
2204,218,100,fixed
2205,219,100,fixed
2206,220,100,fixed
2207,221,100,fixed
2208,222,100,fixed
2209,223,100,fixed
2210,224,100,fixed
2211,225,100,fixed
2212,226,100,fixed
2213,227,100,fixed
2214,228,100,fixed
2215,229,100,fixed
2216,230,100,fixed
2217,231,100,fixed
2218,232,100,fixed
2219,233,100,fixed
2220,234,100,fixed
2221,235,100,fixed
2222,236,100,fixed
2223,237,100,fixed
2224,238,100,fixed
2225,239,100,fixed
2226,240,100,fixed
2227,241,100,fixed
2228,242,100,fixed
2229,243,100,fixed
2230,244,100,fixed
2231,245,100,fixed
2232,246,100,fixed
2233,247,100,fixed
2234,248,100,fixed
2235,249,100,fixed
2236,250,100,fixed
2237,251,100,fixed
2238,252,100,fixed
2239,253,100,fixed
2240,254,100,fixed
2241,255,100,fixed
2242,256,100,fixed
2243,257,100,fixed
2244,258,100,fixed
2245,259,100,fixed
2246,260,100,fixed
2247,261,100,fixed
2248,262,100,fixed
2249,263,100,fixed
2250,264,100,fixed
2251,265,100,fixed
2252,266,100,fixed
2253,267,100,fixed
2254,268,100,fixed
2255,269,100,fixed
2256,270,100,fixed
2257,271,100,fixed
2258,272,100,fixed
2259,273,100,fixed
2260,274,100,fixed
2261,275,100,fixed
2262,276,100,fixed
2263,277,100,fixed
2264,278,100,fixed
2265,279,100,fixed
2266,280,100,fixed
2267,281,100,fixed
2268,282,100,fixed
2269,283,100,fixed
2270,284,100,fixed
2271,285,100,fixed
2272,286,100,fixed
2273,287,100,fixed
2274,288,100,fixed
2275,289,100,fixed
2276,290,100,fixed
2277,291,100,fixed
2278,292,100,fixed
2279,293,100,fixed
2280,294,100,fixed
2281,295,100,fixed
2282,296,100,fixed
2283,297,100,fixed
2284,298,100,fixed
2285,299,100,fixed
2286,300,100,fixed
2287,301,100,fixed
2288,302,100,fixed
2289,303,100,fixed
2290,304,100,fixed
2291,305,100,fixed
2292,306,100,fixed
2293,307,100,fixed
2294,308,100,fixed
2295,309,100,fixed
2296,310,100,fixed
2297,311,100,fixed
2298,312,100,fixed
2299,313,100,fixed
2300,314,100,fixed
2301,315,100,fixed
2302,316,100,fixed
2303,317,100,fixed
2304,318,100,fixed
2305,319,100,fixed
2306,320,100,fixed
2307,321,100,fixed
2308,322,100,fixed
2309,323,100,fixed
2310,324,100,fixed
2311,325,100,fixed
2312,326,100,fixed
2313,327,100,fixed
2314,328,100,fixed
2315,329,100,fixed
2316,330,100,fixed
2317,331,100,fixed
2318,1,100,proportional
2319,2,100,proportional
2320,3,100,proportional
2321,4,100,proportional
2322,5,100,proportional
2323,6,100,proportional
2324,7,100,proportional
2325,8,100,proportional
2326,9,100,proportional
2327,10,100,proportional
2328,11,100,proportional
2329,12,100,proportional
2330,13,100,proportional
2331,14,100,proportional
2332,15,100,proportional
2333,16,100,proportional
2334,17,100,proportional
2335,18,100,proportional
2336,19,100,proportional
2337,20,100,proportional
2338,21,100,proportional
2339,22,100,proportional
2340,23,100,proportional
2341,24,100,proportional
2342,25,100,proportional
2343,26,100,proportional
2344,27,100,proportional
2345,28,100,proportional
2346,29,100,proportional
2347,30,100,proportional
2348,31,100,proportional
2349,32,100,proportional
2350,33,100,proportional
2351,34,100,proportional
2352,35,100,proportional
2353,36,100,proportional
2354,37,100,proportional
2355,38,100,proportional
2356,39,100,proportional
2357,40,100,proportional
2358,41,100,proportional
2359,42,100,proportional
2360,43,100,proportional
2361,44,100,proportional
2362,45,100,proportional
2363,46,100,proportional
2364,47,100,proportional
2365,48,100,proportional
2366,49,100,proportional
2367,50,100,proportional
2368,51,100,proportional
2369,52,100,proportional
2370,53,100,proportional
2371,54,100,proportional
2372,55,100,proportional
2373,56,100,proportional
2374,57,100,proportional
2375,58,100,proportional
2376,59,100,proportional
2377,60,100,proportional
2378,61,100,proportional
2379,62,100,proportional
2380,63,100,proportional
2381,64,100,proportional
2382,65,100,proportional
2383,66,100,proportional
2384,67,100,proportional
2385,68,100,proportional
2386,69,100,proportional
2387,70,100,proportional
2388,71,100,proportional
2389,72,100,proportional
2390,73,100,proportional
2391,74,100,proportional
2392,75,100,proportional
2393,76,100,proportional
2394,77,100,proportional
2395,78,100,proportional
2396,79,100,proportional
2397,80,100,proportional
2398,81,100,proportional
2399,82,100,proportional
2400,83,100,proportional
2401,84,100,proportional
2402,85,100,proportional
2403,86,100,proportional
2404,87,100,proportional
2405,88,100,proportional
2406,89,100,proportional
2407,90,100,proportional
2408,91,100,proportional
2409,92,100,proportional
2410,93,100,proportional
2411,94,100,proportional
2412,95,100,proportional
2413,96,100,proportional
2414,97,100,proportional
2415,98,100,proportional
2416,99,100,proportional
2417,100,100,proportional
2418,101,100,proportional
2419,102,100,proportional
2420,103,100,proportional
2421,104,100,proportional
2422,105,100,proportional
2423,106,100,proportional
2424,107,100,proportional
2425,108,100,proportional
2426,109,100,proportional
2427,110,100,proportional
2428,111,100,proportional
2429,112,100,proportional
2430,113,100,proportional
2431,114,100,proportional
2432,115,100,proportional
2433,116,100,proportional
2434,117,100,proportional
2435,118,100,proportional
2436,119,100,proportional
2437,120,100,proportional
2438,121,100,proportional
2439,122,100,proportional
2440,123,100,proportional
2441,124,100,proportional
2442,125,100,proportional
2443,126,100,proportional
2444,127,100,proportional
2445,128,100,proportional
2446,129,100,proportional
2447,130,100,proportional
2448,131,100,proportional
2449,132,100,proportional
2450,133,100,proportional
2451,134,100,proportional
2452,135,100,proportional
2453,136,100,proportional
2454,137,100,proportional
2455,138,100,proportional
2456,139,100,proportional
2457,140,100,proportional
2458,141,100,proportional
2459,142,100,proportional
2460,143,100,proportional
2461,144,100,proportional
2462,145,100,proportional
2463,146,100,proportional
2464,147,100,proportional
2465,148,100,proportional
2466,149,100,proportional
2467,150,100,proportional
2468,151,100,proportional
2469,152,100,proportional
2470,153,100,proportional
2471,154,100,proportional
2472,155,100,proportional
2473,156,100,proportional
2474,157,100,proportional
2475,158,100,proportional
2476,159,100,proportional
2477,160,100,proportional
2478,161,100,proportional
2479,162,100,proportional
2480,163,100,proportional
2481,164,100,proportional
2482,165,100,proportional
2483,166,100,proportional
2484,167,100,proportional
2485,168,100,proportional
2486,169,100,proportional
2487,170,100,proportional
2488,171,100,proportional
2489,172,100,proportional
2490,173,100,proportional
2491,174,100,proportional
2492,175,100,proportional
2493,176,100,proportional
2494,177,100,proportional
2495,178,100,proportional
2496,179,100,proportional
2497,180,100,proportional
2498,181,100,proportional
2499,182,100,proportional
2500,183,100,proportional
2501,184,100,proportional
2502,185,100,proportional
2503,186,100,proportional
2504,187,100,proportional
2505,188,100,proportional
2506,189,100,proportional
2507,190,100,proportional
2508,191,100,proportional
2509,192,100,proportional
2510,193,100,proportional
2511,194,100,proportional
2512,195,100,proportional
2513,196,100,proportional
2514,197,100,proportional
2515,198,100,proportional
2516,199,100,proportional
2517,200,100,proportional
2518,201,100,proportional
2519,202,100,proportional
2520,203,100,proportional
2521,204,100,proportional
2522,205,100,proportional
2523,206,100,proportional
2524,207,100,proportional
2525,208,100,proportional
2526,209,100,proportional
2527,210,100,proportional
2528,211,100,proportional
2529,212,100,proportional
2530,213,100,proportional
2531,214,100,proportional
2532,215,100,proportional
2533,216,100,proportional
2534,217,100,proportional
2535,218,100,proportional
2536,219,100,proportional
2537,220,100,proportional
2538,221,100,proportional
2539,222,100,proportional
2540,223,100,proportional
2541,224,100,proportional
2542,225,100,proportional
2543,226,100,proportional
2544,227,100,proportional
2545,228,100,proportional
2546,229,100,proportional
2547,230,100,proportional
2548,231,100,proportional
2549,232,100,proportional
2550,233,100,proportional
2551,234,100,proportional
2552,235,100,proportional
2553,236,100,proportional
2554,237,100,proportional
2555,238,100,proportional
2556,239,100,proportional
2557,240,100,proportional
2558,241,100,proportional
2559,242,100,proportional
2560,243,100,proportional
2561,244,100,proportional
2562,245,100,proportional
2563,246,100,proportional
2564,247,100,proportional
2565,248,100,proportional
2566,249,100,proportional
2567,250,100,proportional
2568,251,100,proportional
2569,252,100,proportional
2570,253,100,proportional
2571,254,100,proportional
2572,255,100,proportional
2573,256,100,proportional
2574,257,100,proportional
2575,258,100,proportional
2576,259,100,proportional
2577,260,100,proportional
2578,261,100,proportional
2579,262,100,proportional
2580,263,100,proportional
2581,264,100,proportional
2582,265,100,proportional
2583,266,100,proportional
2584,267,100,proportional
2585,268,100,proportional
2586,269,100,proportional
2587,270,100,proportional
2588,271,100,proportional
2589,272,100,proportional
2590,273,100,proportional
2591,274,100,proportional
2592,275,100,proportional
2593,276,100,proportional
2594,277,100,proportional
2595,278,100,proportional
2596,279,100,proportional
2597,280,100,proportional
2598,281,100,proportional
2599,282,100,proportional
2600,283,100,proportional
2601,284,100,proportional
2602,285,100,proportional
2603,286,100,proportional
2604,287,100,proportional
2605,288,100,proportional
2606,289,100,proportional
2607,290,100,proportional
2608,291,100,proportional
2609,292,100,proportional
2610,293,100,proportional
2611,294,100,proportional
2612,295,100,proportional
2613,296,100,proportional
2614,297,100,proportional
2615,298,100,proportional
2616,299,100,proportional
2617,300,100,proportional
2618,301,100,proportional
2619,302,100,proportional
2620,303,100,proportional
2621,304,100,proportional
2622,305,100,proportional
2623,306,100,proportional
2624,307,100,proportional
2625,308,100,proportional
2626,309,100,proportional
2627,310,100,proportional
2628,311,100,proportional
2629,312,100,proportional
2630,313,100,proportional
2631,314,100,proportional
2632,315,100,proportional
2633,316,100,proportional
2634,317,100,proportional
2635,318,100,proportional
2636,319,100,proportional
2637,320,100,proportional
2638,321,100,proportional
2639,322,100,proportional
2640,323,100,proportional
2641,324,100,proportional
2642,325,100,proportional
2643,326,100,proportional
2644,327,100,proportional
2645,328,100,proportional
2646,329,100,proportional
2647,330,100,proportional
2648,331,100,proportional
2649,1,100,fixed
2650,2,100,fixed
2651,3,100,fixed
2652,4,100,fixed
2653,5,100,fixed
2654,6,100,fixed
2655,7,100,fixed
2656,8,100,fixed
2657,9,100,fixed
2658,10,100,fixed
2659,11,100,fixed
2660,12,100,fixed
2661,13,100,fixed
2662,14,100,fixed
2663,15,100,fixed
2664,16,100,fixed
2665,17,100,fixed
2666,18,100,fixed
2667,19,100,fixed
2668,20,100,fixed
2669,21,100,fixed
2670,22,100,fixed
2671,23,100,fixed
2672,24,100,fixed
2673,25,100,fixed
2674,26,100,fixed
2675,27,100,fixed
2676,28,100,fixed
2677,29,100,fixed
2678,30,100,fixed
2679,31,100,fixed
2680,32,100,fixed
2681,33,100,fixed
2682,34,100,fixed
2683,35,100,fixed
2684,36,100,fixed
2685,37,100,fixed
2686,38,100,fixed
2687,39,100,fixed
2688,40,100,fixed
2689,41,100,fixed
2690,42,100,fixed
2691,43,100,fixed
2692,44,100,fixed
2693,45,100,fixed
2694,46,100,fixed
2695,47,100,fixed
2696,48,100,fixed
2697,49,100,fixed
2698,50,100,fixed
2699,51,100,fixed
2700,52,100,fixed
2701,53,100,fixed
2702,54,100,fixed
2703,55,100,fixed
2704,56,100,fixed
2705,57,100,fixed
2706,58,100,fixed
2707,59,100,fixed
2708,60,100,fixed
2709,61,100,fixed
2710,62,100,fixed
2711,63,100,fixed
2712,64,100,fixed
2713,65,100,fixed
2714,66,100,fixed
2715,67,100,fixed
2716,68,100,fixed
2717,69,100,fixed
2718,70,100,fixed
2719,71,100,fixed
2720,72,100,fixed
2721,73,100,fixed
2722,74,100,fixed
2723,75,100,fixed
2724,76,100,fixed
2725,77,100,fixed
2726,78,100,fixed
2727,79,100,fixed
2728,80,100,fixed
2729,81,100,fixed
2730,82,100,fixed
2731,83,100,fixed
2732,84,100,fixed
2733,85,100,fixed
2734,86,100,fixed
2735,87,100,fixed
2736,88,100,fixed
2737,89,100,fixed
2738,90,100,fixed
2739,91,100,fixed
2740,92,100,fixed
2741,93,100,fixed
2742,94,100,fixed
2743,95,100,fixed
2744,96,100,fixed
2745,97,100,fixed
2746,98,100,fixed
2747,99,100,fixed
2748,100,100,fixed
2749,101,100,fixed
2750,102,100,fixed
2751,103,100,fixed
2752,104,100,fixed
2753,105,100,fixed
2754,106,100,fixed
2755,107,100,fixed
2756,108,100,fixed
2757,109,100,fixed
2758,110,100,fixed
2759,111,100,fixed
2760,112,100,fixed
2761,113,100,fixed
2762,114,100,fixed
2763,115,100,fixed
2764,116,100,fixed
2765,117,100,fixed
2766,118,100,fixed
2767,119,100,fixed
2768,120,100,fixed
2769,121,100,fixed
2770,122,100,fixed
2771,123,100,fixed
2772,124,100,fixed
2773,125,100,fixed
2774,126,100,fixed
2775,127,100,fixed
2776,128,100,fixed
2777,129,100,fixed
2778,130,100,fixed
2779,131,100,fixed
2780,132,100,fixed
2781,133,100,fixed
2782,134,100,fixed
2783,135,100,fixed
2784,136,100,fixed
2785,137,100,fixed
2786,138,100,fixed
2787,139,100,fixed
2788,140,100,fixed
2789,141,100,fixed
2790,142,100,fixed
2791,143,100,fixed
2792,144,100,fixed
2793,145,100,fixed
2794,146,100,fixed
2795,147,100,fixed
2796,148,100,fixed
2797,149,100,fixed
2798,150,100,fixed
2799,151,100,fixed
2800,152,100,fixed
2801,153,100,fixed
2802,154,100,fixed
2803,155,100,fixed
2804,156,100,fixed
2805,157,100,fixed
2806,158,100,fixed
2807,159,100,fixed
2808,160,100,fixed
2809,161,100,fixed
2810,162,100,fixed
2811,163,100,fixed
2812,164,100,fixed
2813,165,100,fixed
2814,166,100,fixed
2815,167,100,fixed
2816,168,100,fixed
2817,169,100,fixed
2818,170,100,fixed
2819,171,100,fixed
2820,172,100,fixed
2821,173,100,fixed
2822,174,100,fixed
2823,175,100,fixed
2824,176,100,fixed
2825,177,100,fixed
2826,178,100,fixed
2827,179,100,fixed
2828,180,100,fixed
2829,181,100,fixed
2830,182,100,fixed
2831,183,100,fixed
2832,184,100,fixed
2833,185,100,fixed
2834,186,100,fixed
2835,187,100,fixed
2836,188,100,fixed
2837,189,100,fixed
2838,190,100,fixed
2839,191,100,fixed
2840,192,100,fixed
2841,193,100,fixed
2842,194,100,fixed
2843,195,100,fixed
2844,196,100,fixed
2845,197,100,fixed
2846,198,100,fixed
2847,199,100,fixed
2848,200,100,fixed
2849,201,100,fixed
2850,202,100,fixed
2851,203,100,fixed
2852,204,100,fixed
2853,205,100,fixed
2854,206,100,fixed
2855,207,100,fixed
2856,208,100,fixed
2857,209,100,fixed
2858,210,100,fixed
2859,211,100,fixed
2860,212,100,fixed
2861,213,100,fixed
2862,214,100,fixed
2863,215,100,fixed
2864,216,100,fixed
2865,217,100,fixed
2866,218,100,fixed
2867,219,100,fixed
2868,220,100,fixed
2869,221,100,fixed
2870,222,100,fixed
2871,223,100,fixed
2872,224,100,fixed
2873,225,100,fixed
2874,226,100,fixed
2875,227,100,fixed
2876,228,100,fixed
2877,229,100,fixed
2878,230,100,fixed
2879,231,100,fixed
2880,232,100,fixed
2881,233,100,fixed
2882,234,100,fixed
2883,235,100,fixed
2884,236,100,fixed
2885,237,100,fixed
2886,238,100,fixed
2887,239,100,fixed
2888,240,100,fixed
2889,241,100,fixed
2890,242,100,fixed
2891,243,100,fixed
2892,244,100,fixed
2893,245,100,fixed
2894,246,100,fixed
2895,247,100,fixed
2896,248,100,fixed
2897,249,100,fixed
2898,250,100,fixed
2899,251,100,fixed
2900,252,100,fixed
2901,253,100,fixed
2902,254,100,fixed
2903,255,100,fixed
2904,256,100,fixed
2905,257,100,fixed
2906,258,100,fixed
2907,259,100,fixed
2908,260,100,fixed
2909,261,100,fixed
2910,262,100,fixed
2911,263,100,fixed
2912,264,100,fixed
2913,265,100,fixed
2914,266,100,fixed
2915,267,100,fixed
2916,268,100,fixed
2917,269,100,fixed
2918,270,100,fixed
2919,271,100,fixed
2920,272,100,fixed
2921,273,100,fixed
2922,274,100,fixed
2923,275,100,fixed
2924,276,100,fixed
2925,277,100,fixed
2926,278,100,fixed
2927,279,100,fixed
2928,280,100,fixed
2929,281,100,fixed
2930,282,100,fixed
2931,283,100,fixed
2932,284,100,fixed
2933,285,100,fixed
2934,286,100,fixed
2935,287,100,fixed
2936,288,100,fixed
2937,289,100,fixed
2938,290,100,fixed
2939,291,100,fixed
2940,292,100,fixed
2941,293,100,fixed
2942,294,100,fixed
2943,295,100,fixed
2944,296,100,fixed
2945,297,100,fixed
2946,298,100,fixed
2947,299,100,fixed
2948,300,100,fixed
2949,301,100,fixed
2950,302,100,fixed
2951,303,100,fixed
2952,304,100,fixed
2953,305,100,fixed
2954,306,100,fixed
2955,307,100,fixed
2956,308,100,fixed
2957,309,100,fixed
2958,310,100,fixed
2959,311,100,fixed
2960,312,100,fixed
2961,313,100,fixed
2962,314,100,fixed
2963,315,100,fixed
2964,316,100,fixed
2965,317,100,fixed
2966,318,100,fixed
2967,319,100,fixed
2968,320,100,fixed
2969,321,100,fixed
2970,322,100,fixed
2971,323,100,fixed
2972,324,100,fixed
2973,325,100,fixed
2974,326,100,fixed
2975,327,100,fixed
2976,328,100,fixed
2977,329,100,fixed
2978,330,100,fixed
2979,331,100,fixed
2980,1,100,proportional
2981,2,100,proportional
2982,3,100,proportional
2983,4,100,proportional
2984,5,100,proportional
2985,6,100,proportional
2986,7,100,proportional
2987,8,100,proportional
2988,9,100,proportional
2989,10,100,proportional
2990,11,100,proportional
2991,12,100,proportional
2992,13,100,proportional
2993,14,100,proportional
2994,15,100,proportional
2995,16,100,proportional
2996,17,100,proportional
2997,18,100,proportional
2998,19,100,proportional
2999,20,100,proportional
3000,21,100,proportional
3001,22,100,proportional
3002,23,100,proportional
3003,24,100,proportional
3004,25,100,proportional
3005,26,100,proportional
3006,27,100,proportional
3007,28,100,proportional
3008,29,100,proportional
3009,30,100,proportional
3010,31,100,proportional
3011,32,100,proportional
3012,33,100,proportional
3013,34,100,proportional
3014,35,100,proportional
3015,36,100,proportional
3016,37,100,proportional
3017,38,100,proportional
3018,39,100,proportional
3019,40,100,proportional
3020,41,100,proportional
3021,42,100,proportional
3022,43,100,proportional
3023,44,100,proportional
3024,45,100,proportional
3025,46,100,proportional
3026,47,100,proportional
3027,48,100,proportional
3028,49,100,proportional
3029,50,100,proportional
3030,51,100,proportional
3031,52,100,proportional
3032,53,100,proportional
3033,54,100,proportional
3034,55,100,proportional
3035,56,100,proportional
3036,57,100,proportional
3037,58,100,proportional
3038,59,100,proportional
3039,60,100,proportional
3040,61,100,proportional
3041,62,100,proportional
3042,63,100,proportional
3043,64,100,proportional
3044,65,100,proportional
3045,66,100,proportional
3046,67,100,proportional
3047,68,100,proportional
3048,69,100,proportional
3049,70,100,proportional
3050,71,100,proportional
3051,72,100,proportional
3052,73,100,proportional
3053,74,100,proportional
3054,75,100,proportional
3055,76,100,proportional
3056,77,100,proportional
3057,78,100,proportional
3058,79,100,proportional
3059,80,100,proportional
3060,81,100,proportional
3061,82,100,proportional
3062,83,100,proportional
3063,84,100,proportional
3064,85,100,proportional
3065,86,100,proportional
3066,87,100,proportional
3067,88,100,proportional
3068,89,100,proportional
3069,90,100,proportional
3070,91,100,proportional
3071,92,100,proportional
3072,93,100,proportional
3073,94,100,proportional
3074,95,100,proportional
3075,96,100,proportional
3076,97,100,proportional
3077,98,100,proportional
3078,99,100,proportional
3079,100,100,proportional
3080,101,100,proportional
3081,102,100,proportional
3082,103,100,proportional
3083,104,100,proportional
3084,105,100,proportional
3085,106,100,proportional
3086,107,100,proportional
3087,108,100,proportional
3088,109,100,proportional
3089,110,100,proportional
3090,111,100,proportional
3091,112,100,proportional
3092,113,100,proportional
3093,114,100,proportional
3094,115,100,proportional
3095,116,100,proportional
3096,117,100,proportional
3097,118,100,proportional
3098,119,100,proportional
3099,120,100,proportional
3100,121,100,proportional
3101,122,100,proportional
3102,123,100,proportional
3103,124,100,proportional
3104,125,100,proportional
3105,126,100,proportional
3106,127,100,proportional
3107,128,100,proportional
3108,129,100,proportional
3109,130,100,proportional
3110,131,100,proportional
3111,132,100,proportional
3112,133,100,proportional
3113,134,100,proportional
3114,135,100,proportional
3115,136,100,proportional
3116,137,100,proportional
3117,138,100,proportional
3118,139,100,proportional
3119,140,100,proportional
3120,141,100,proportional
3121,142,100,proportional
3122,143,100,proportional
3123,144,100,proportional
3124,145,100,proportional
3125,146,100,proportional
3126,147,100,proportional
3127,148,100,proportional
3128,149,100,proportional
3129,150,100,proportional
3130,151,100,proportional
3131,152,100,proportional
3132,153,100,proportional
3133,154,100,proportional
3134,155,100,proportional
3135,156,100,proportional
3136,157,100,proportional
3137,158,100,proportional
3138,159,100,proportional
3139,160,100,proportional
3140,161,100,proportional
3141,162,100,proportional
3142,163,100,proportional
3143,164,100,proportional
3144,165,100,proportional
3145,166,100,proportional
3146,167,100,proportional
3147,168,100,proportional
3148,169,100,proportional
3149,170,100,proportional
3150,171,100,proportional
3151,172,100,proportional
3152,173,100,proportional
3153,174,100,proportional
3154,175,100,proportional
3155,176,100,proportional
3156,177,100,proportional
3157,178,100,proportional
3158,179,100,proportional
3159,180,100,proportional
3160,181,100,proportional
3161,182,100,proportional
3162,183,100,proportional
3163,184,100,proportional
3164,185,100,proportional
3165,186,100,proportional
3166,187,100,proportional
3167,188,100,proportional
3168,189,100,proportional
3169,190,100,proportional
3170,191,100,proportional
3171,192,100,proportional
3172,193,100,proportional
3173,194,100,proportional
3174,195,100,proportional
3175,196,100,proportional
3176,197,100,proportional
3177,198,100,proportional
3178,199,100,proportional
3179,200,100,proportional
3180,201,100,proportional
3181,202,100,proportional
3182,203,100,proportional
3183,204,100,proportional
3184,205,100,proportional
3185,206,100,proportional
3186,207,100,proportional
3187,208,100,proportional
3188,209,100,proportional
3189,210,100,proportional
3190,211,100,proportional
3191,212,100,proportional
3192,213,100,proportional
3193,214,100,proportional
3194,215,100,proportional
3195,216,100,proportional
3196,217,100,proportional
3197,218,100,proportional
3198,219,100,proportional
3199,220,100,proportional
3200,221,100,proportional
3201,222,100,proportional
3202,223,100,proportional
3203,224,100,proportional
3204,225,100,proportional
3205,226,100,proportional
3206,227,100,proportional
3207,228,100,proportional
3208,229,100,proportional
3209,230,100,proportional
3210,231,100,proportional
3211,232,100,proportional
3212,233,100,proportional
3213,234,100,proportional
3214,235,100,proportional
3215,236,100,proportional
3216,237,100,proportional
3217,238,100,proportional
3218,239,100,proportional
3219,240,100,proportional
3220,241,100,proportional
3221,242,100,proportional
3222,243,100,proportional
3223,244,100,proportional
3224,245,100,proportional
3225,246,100,proportional
3226,247,100,proportional
3227,248,100,proportional
3228,249,100,proportional
3229,250,100,proportional
3230,251,100,proportional
3231,252,100,proportional
3232,253,100,proportional
3233,254,100,proportional
3234,255,100,proportional
3235,256,100,proportional
3236,257,100,proportional
3237,258,100,proportional
3238,259,100,proportional
3239,260,100,proportional
3240,261,100,proportional
3241,262,100,proportional
3242,263,100,proportional
3243,264,100,proportional
3244,265,100,proportional
3245,266,100,proportional
3246,267,100,proportional
3247,268,100,proportional
3248,269,100,proportional
3249,270,100,proportional
3250,271,100,proportional
3251,272,100,proportional
3252,273,100,proportional
3253,274,100,proportional
3254,275,100,proportional
3255,276,100,proportional
3256,277,100,proportional
3257,278,100,proportional
3258,279,100,proportional
3259,280,100,proportional
3260,281,100,proportional
3261,282,100,proportional
3262,283,100,proportional
3263,284,100,proportional
3264,285,100,proportional
3265,286,100,proportional
3266,287,100,proportional
3267,288,100,proportional
3268,289,100,proportional
3269,290,100,proportional
3270,291,100,proportional
3271,292,100,proportional
3272,293,100,proportional
3273,294,100,proportional
3274,295,100,proportional
3275,296,100,proportional
3276,297,100,proportional
3277,298,100,proportional
3278,299,100,proportional
3279,300,100,proportional
3280,301,100,proportional
3281,302,100,proportional
3282,303,100,proportional
3283,304,100,proportional
3284,305,100,proportional
3285,306,100,proportional
3286,307,100,proportional
3287,308,100,proportional
3288,309,100,proportional
3289,310,100,proportional
3290,311,100,proportional
3291,312,100,proportional
3292,313,100,proportional
3293,314,100,proportional
3294,315,100,proportional
3295,316,100,proportional
3296,317,100,proportional
3297,318,100,proportional
3298,319,100,proportional
3299,320,100,proportional
3300,321,100,proportional
3301,322,100,proportional
3302,323,100,proportional
3303,324,100,proportional
3304,325,100,proportional
3305,326,100,proportional
3306,327,100,proportional
3307,328,100,proportional
3308,329,100,proportional
3309,330,100,proportional
3310,331,100,proportional
